politica,n,custo_medio,custo_ic,custo_p5,custo_p50,custo_p95,spill_prob,spill_cond_med,fila_pico_med,service_level,entram_dia,proc_dia,ocio_dia,spill_dia
SDDP,1000,2.0449430516200337e8,2.660751580893264e6,1.380101818501198e8,2.0125159300004876e8,2.8024205999993694e8,1.0,4115.477999992909,2327.3439999995817,1.0,2039.4771666665279,2051.3454333331956,50.97793333347021,137.18259999976362
P_-10,1000,3.678665525706659e8,2.9569461690185834e-8,3.678665525706654e8,3.678665525706654e8,3.678665525706654e8,1.0,1671.7590137928821,2061.7970000000028,1.0,1820.9521599998839,1860.9521599999302,241.3712066667386,55.725300459762735
P_-5,1000,2.5947873715518743e8,1.29366394894563e-8,2.5947873715518722e8,2.5947873715518722e8,2.5947873715518722e8,1.0,2224.678344826799,2061.7970000000028,1.0,1916.5606133332408,1956.560613333259,145.7627533334091,74.15594482755996
P_0,1000,1.8051383139975995e8,1.1088548133819687e-8,1.8051383139976013e8,1.8051383139976013e8,1.8051383139976013e8,1.0,3757.1630689632143,2061.7970000000028,1.0,2012.1690666665668,2052.16906666659,50.1543000000796,125.23876896544047
P_+5,1000,4.0633598063629127e8,2.2177096267639374e-8,4.063359806362909e8,4.063359806362909e8,4.063359806362909e8,1.0,16110.953999962516,2067.780227586119,1.0,2107.7775199999373,2102.3233666666656,0.0,537.0317999987506
P_+10,1000,1.2198300666682534e9,5.913892338037167e-8,1.2198300666682544e9,1.2198300666682544e9,1.2198300666682544e9,1.0,59134.75799996049,4231.878199997365,0.9656097164681207,2203.385973333271,2102.3233666666656,0.0,1971.158599998683
