politica,n,custo_medio,custo_ic,custo_p5,custo_p50,custo_p95,spill_prob,spill_cond_med,fila_pico_med,service_level,entram_dia,proc_dia,ocio_dia,spill_dia
SDDP,1000,2.0323797585799825e8,2.48091837870724e6,1.3884043069984934e8,2.0204590050007915e8,2.701166671500054e8,1.0,4052.7179999926025,2340.2439999995568,1.0,2042.5219666665255,2053.7568666665275,50.956166666805345,135.0905999997534
P_-10,1000,3.677870011585372e8,1.4784730845092917e-8,3.67787001158537e8,3.67787001158537e8,3.67787001158537e8,1.0,1690.5180586204947,2059.5289999999986,1.0,1823.431029999944,1863.431029999939,241.2820033333958,56.35060195401649
P_-5,1000,2.5932971291878563e8,1.29366394894563e-8,2.5932971291878584e8,2.5932971291878584e8,2.5932971291878584e8,1.0,2245.265465516558,2059.5289999999986,1.0,1919.1771983332887,1959.1771983332658,145.53583500006567,74.84218218388527
P_0,1000,1.7904459646986705e8,1.1088548133819687e-8,1.7904459646986687e8,1.7904459646986687e8,1.7904459646986687e8,1.0,3646.6253448260823,2059.5289999999986,1.0,2014.9233666665862,2054.9233666665973,49.78966666673579,121.55417816086941
P_+5,1000,4.1005229730038404e8,1.8480913556366147e-8,4.1005229730038375e8,4.1005229730038375e8,4.1005229730038375e8,1.0,16307.645749967422,2064.5719672413074,1.0,2110.669534999893,2104.7130333333316,0.0,543.5881916655807
P_+10,1000,1.2247181451813526e9,8.87083850705575e-8,1.224718145181354e9,1.224718145181354e9,1.224718145181354e9,1.0,59393.421499965756,4251.080099997724,0.9653194271113434,2206.4157033332203,2104.7130333333316,0.0,1979.7807166655252
