politica,n,custo_medio,custo_ic,custo_p5,custo_p50,custo_p95,spill_prob,spill_cond_med,fila_pico_med,service_level,entram_dia,proc_dia,ocio_dia,spill_dia
SDDP,1000,2.015676192139978e8,2.5728896177850342e6,1.3934639640012828e8,1.9967928349998784e8,2.753020988498735e8,1.0,4034.5979999931133,2331.280999999591,1.0,2038.0900333332038,2050.8609333332042,49.680566666795784,134.48659999977045
P_-10,1000,3.63350522713609e8,0.0,3.63350522713609e8,3.63350522713609e8,3.63350522713609e8,1.0,1544.7179413791275,2068.339000000003,1.0,1819.8027699999502,1859.8027699999393,240.73873000005895,51.49059804597092
P_-5,1000,2.5285210009654865e8,9.240456778183074e-9,2.528521000965488e8,2.528521000965488e8,2.528521000965488e8,1.0,1978.0183206892675,2068.339000000003,1.0,1915.3473683332447,1955.347368333271,145.19413166672942,65.93394402297558
P_0,1000,1.6796608136810303e8,0.0,1.6796608136810303e8,1.6796608136810303e8,1.6796608136810303e8,1.0,3150.477655170982,2068.339000000003,1.0,2010.8919666665822,2050.8919666666034,49.649533333399084,105.01592183903273
P_+5,1000,3.985306384184115e8,3.6961827112732295e-8,3.985306384184121e8,3.985306384184121e8,3.985306384184121e8,1.0,15701.13924996892,2068.339000000003,1.0,2106.4365649998836,2100.541500000002,0.0,523.3713083322973
P_+10,1000,1.2114814077973866e9,2.9569461690185834e-8,1.2114814077973871e9,1.2114814077973871e9,1.2114814077973871e9,1.0,58696.2084999676,4243.189899997842,0.9655110943596792,2201.981163333297,2100.541500000002,0.0,1956.5402833322535
