politica,n,custo_medio,custo_ic,custo_p5,custo_p50,custo_p95,spill_prob,spill_cond_med,fila_pico_med,service_level,entram_dia,proc_dia,ocio_dia,spill_dia
SDDP,1000,2.0419071404000682e8,2.478643785815203e6,1.411236593500472e8,2.028503010000894e8,2.7138924364993376e8,1.0,4025.07999999287,2366.95199999959,1.0,2046.64366666653,2058.7584666665257,52.303000000140884,134.16933333309566
P_-10,1000,3.739100565436632e8,4.065800982400552e-8,3.7391005654366386e8,3.7391005654366386e8,3.7391005654366386e8,1.0,1905.6497793098106,2122.917,1.0,1828.8836199998902,1868.8836199999155,242.17784666675198,63.52165931032702
P_-5,1000,2.6809449077670863e8,9.240456778183074e-9,2.6809449077670878e8,2.6809449077670878e8,2.6809449077670878e8,1.0,2584.0502413783793,2122.917,1.0,1924.9327099998839,1964.93270999991,146.12875666675674,86.13500804594598
P_0,1000,1.9352442599723682e8,9.240456778183074e-9,1.9352442599723697e8,1.9352442599723697e8,1.9352442599723697e8,1.0,4321.4468620654325,2122.917,1.0,2020.9817999998772,2060.9817999999036,50.0796666667616,144.0482287355144
P_+5,1000,4.26219949691152e8,3.326564440145906e-8,4.262199496911525e8,4.262199496911525e8,4.262199496911525e8,1.0,17158.5584999552,2133.841358620485,1.0,2117.030889999879,2111.061466666667,0.0,571.9519499985067
P_+10,1000,1.2434632368651135e9,2.9569461690185834e-8,1.243463236865114e9,1.243463236865114e9,1.243463236865114e9,1.0,60380.64899995316,4260.555399996873,0.9662792634412116,2213.079979999872,2111.061466666667,0.0,2012.6882999984387
