politica,n,custo_medio,custo_ic,custo_p5,custo_p50,custo_p95,spill_prob,spill_cond_med,fila_pico_med,service_level,entram_dia,proc_dia,ocio_dia,spill_dia
SDDP,1000,2.0381110226400656e8,2.6009989689601883e6,1.3877977744998175e8,2.0131036900001374e8,2.7419548394980454e8,1.0,4051.502999993278,2343.3169999996144,1.0,2043.2831999998705,2055.1217666665343,51.47440000013265,135.05009999977594
P_-10,1000,3.695701138929764e8,3.6961827112732293e-9,3.6957011389297646e8,3.6957011389297646e8,3.6957011389297646e8,1.0,1739.550331034291,2076.3230000000017,1.0,1824.6030399999763,1864.603039999942,241.99312666672773,57.985011034476365
P_-5,1000,2.6087787565271363e8,2.032900491200276e-8,2.608778756527133e8,2.608778756527133e8,2.608778756527133e8,1.0,2291.0612758614025,2076.3230000000017,1.0,1920.414319999955,1960.4143199999353,146.18184666673088,76.36870919538008
P_0,1000,1.788586217834097e8,5.5442740669098435e-9,1.7885862178340963e8,1.7885862178340963e8,1.7885862178340963e8,1.0,3679.3606551704574,2076.3230000000017,1.0,2016.2255999999604,2056.225599999932,50.370566666734064,122.64535517234859
P_+5,1000,3.995595514353972e8,2.2177096267639374e-8,3.9955955143539685e8,3.9955955143539685e8,3.9955955143539685e8,1.0,15754.288999968088,2083.329462068894,1.0,2112.0368799999355,2106.596166666663,0.0,525.1429666656029
P_+10,1000,1.2147794084433692e9,2.9569461690185834e-8,1.2147794084433696e9,1.2147794084433696e9,1.2147794084433696e9,1.0,58869.36499996668,4237.559799997779,0.9658223832087628,2207.848159999901,2106.596166666663,0.0,1962.312166665556
