politica,n,custo_medio,custo_ic,custo_p5,custo_p50,custo_p95,spill_prob,spill_cond_med,fila_pico_med,service_level,entram_dia,proc_dia,ocio_dia,spill_dia
SDDP,1000,2.030894018810024e8,2.6796996546705067e6,1.3527739139992997e8,2.0015591850002778e8,2.801094671500333e8,0.999,4061.337337331485,2357.6479999996723,1.0,2042.3733333332264,2054.774799999887,50.82150000011335,135.24253333313845
P_-10,1000,3.677706171289381e8,1.8480913556366147e-8,3.677706171289378e8,3.677706171289378e8,3.677706171289378e8,1.0,1730.3345206894749,2112.518999999999,1.0,1824.9871899999634,1864.9871899999414,240.60911000005757,57.67781735631583
P_-5,1000,2.593001572354773e8,1.663282220072953e-8,2.5930015723547703e8,2.5930015723547703e8,2.5930015723547703e8,1.0,2267.4230172407524,2112.518999999999,1.0,1920.8198116665767,1960.8198116666053,144.776488333394,75.58076724135842
P_0,1000,1.8122557031206006e8,1.8480913556366147e-9,1.8122557031206003e8,1.8122557031206003e8,1.8122557031206003e8,1.0,3773.3961034464296,2112.518999999999,1.0,2016.6524333332934,2056.6524333332673,48.943866666730415,125.77987011488099
P_+5,1000,4.310365019254304e8,3.326564440145906e-8,4.3103650192543095e8,4.3103650192543095e8,4.3103650192543095e8,1.0,17414.072749969895,2112.518999999999,1.0,2112.4850549999,2105.5962999999992,0.0,580.4690916656632
P_+10,1000,1.246437946638404e9,2.9569461690185834e-8,1.2464379466384034e9,1.2464379466384034e9,1.2464379466384034e9,1.0,60538.75249996838,4281.641299997891,0.9657053216093523,2208.3176766666234,2105.5962999999992,0.0,2017.9584166656127
