politica,n,custo_medio,custo_ic,custo_p5,custo_p50,custo_p95,spill_prob,spill_cond_med,fila_pico_med,service_level,entram_dia,proc_dia,ocio_dia,spill_dia
SDDP,1000,2.064179017270053e8,2.7114559671642785e6,1.4121950160001618e8,2.0359899249993962e8,2.8532001120015496e8,1.0,4176.156999992858,2349.6959999995943,1.0,2038.467966666528,2050.2561666665283,51.610666666805436,139.20523333309526
P_-10,1000,3.6727223170906395e8,2.58732789789126e-8,3.6727223170906353e8,3.6727223170906353e8,3.6727223170906353e8,1.0,1666.3226655169553,2085.898000000001,1.0,1820.5347699999227,1860.5347699999074,241.33206333342642,55.54408885056518
P_-5,1000,2.5839877411338043e8,9.240456778183074e-9,2.5839877411338058e8,2.5839877411338058e8,2.5839877411338058e8,1.0,2180.627182758008,2085.898000000001,1.0,1916.1200349998974,1956.120034999898,145.74679833343166,72.68757275860027
P_0,1000,1.764275299627362e8,0.0,1.764275299627362e8,1.764275299627362e8,1.764275299627362e8,1.0,3578.1788275832105,2085.898000000001,1.0,2011.7052999998682,2051.705299999894,50.161533333436786,119.27262758610702
P_+5,1000,3.9563488828007543e8,1.1088548133819687e-8,3.956348882800756e8,3.956348882800756e8,3.956348882800756e8,1.0,15547.701249951124,2085.898000000001,1.0,2107.290564999925,2101.866833333331,0.0,518.2567083317041
P_+10,1000,1.208931674059036e9,8.87083850705575e-8,1.2089316740590346e9,1.2089316740590346e9,1.2089316740590346e9,1.0,58561.07049994903,4230.269899996603,0.9660088996632628,2202.8758299998935,2101.866833333331,0.0,1952.0356833316343
