politica,n,custo_medio,custo_ic,custo_p5,custo_p50,custo_p95,spill_prob,spill_cond_med,fila_pico_med,service_level,entram_dia,proc_dia,ocio_dia,spill_dia
SDDP,1000,2.0367731145900077e8,2.7452765627690917e6,1.3807245815013197e8,2.005526619999252e8,2.814684001499825e8,1.0,4143.796999994213,2362.8189999996744,1.0,2034.6190333332283,2048.814333333223,49.74296666677673,138.1265666664738
P_-10,1000,3.693156837021233e8,1.4784730845092917e-8,3.693156837021235e8,3.693156837021235e8,3.693156837021235e8,1.0,1779.1146206895169,2104.6520000000005,1.0,1817.4816999999332,1857.4816999999537,241.07560000004545,59.303820689650564
P_-5,1000,2.6118978983751446e8,2.2177096267639374e-8,2.611897898375141e8,2.611897898375141e8,2.611897898375141e8,1.0,2324.238517240885,2104.6520000000005,1.0,1912.8973499999142,1952.8973499999527,145.65995000004776,77.47461724136284
P_0,1000,1.8059639678260884e8,1.8480913556366147e-9,1.8059639678260887e8,1.8059639678260887e8,1.8059639678260887e8,1.0,3772.4411034468208,2104.6520000000005,1.0,2008.3129999999671,2048.312999999947,50.244300000050366,125.74803678156069
P_+5,1000,3.9715669973855066e8,1.8480913556366147e-8,3.9715669973855036e8,3.9715669973855036e8,3.9715669973855036e8,1.0,15627.236499976225,2104.6520000000005,1.0,2103.728649999947,2098.5573000000004,0.0,520.9078833325408
P_+10,1000,1.2090102993285313e9,0.0,1.2090102993285313e9,1.2090102993285313e9,1.2090102993285313e9,1.0,58564.27899997529,4219.263413791514,0.9664473122056048,2199.144299999921,2098.5573000000004,0.0,1952.1426333325098
