politica,n,custo_medio,custo_ic,custo_p5,custo_p50,custo_p95,spill_prob,spill_cond_med,fila_pico_med,service_level,entram_dia,proc_dia,ocio_dia,spill_dia
SDDP,1000,5.202557411499987e7,460707.5047785386,4.149126784999391e7,5.149621550000048e7,6.504808545000558e7,0.988,513.9261133603239,1707.222,1.0,2449.860033333333,2475.162599999996,5.210233333337816,16.9253
P_-10,1000,3.6893770641416794e8,2.9569461690185834e-8,3.6893770641416746e8,3.6893770641416746e8,3.6893770641416746e8,1.0,690.9589551724131,1707.2219999999988,1.0,2180.380689999971,2220.3806900000004,259.9921433333347,23.03196517241377
P_-5,1000,2.276129171797814e8,1.4784730845092917e-8,2.2761291717978165e8,2.2761291717978165e8,2.2761291717978165e8,1.0,899.1681913793054,1707.2219999999988,1.0,2295.9573950000035,2335.9573949999954,144.4154383333352,29.97227304597685
P_0,1000,1.1515917977255256e8,7.392365422546459e-9,1.1515917977255268e8,1.1515917977255268e8,1.1515917977255268e8,1.0,1691.3375862068656,1707.2219999999988,1.0,2411.5341000000203,2451.534100000001,28.838733333335174,56.37791954022885
P_+5,1000,6.439565012029846e8,7.392365422546459e-9,6.439565012029847e8,6.439565012029847e8,6.439565012029847e8,1.0,28707.56724999916,2602.1391499999427,0.9877094314749846,2527.1108050000335,2480.3728333333343,0.0,956.9189083333054
P_+10,1000,1.6273524533659859e9,2.9569461690185834e-8,1.6273524533659863e9,1.6273524533659863e9,1.6273524533659863e9,1.0,80717.08449999927,6069.440299999954,0.9428135482261188,2642.687510000001,2480.3728333333343,0.0,2690.569483333309
