politica,n,custo_medio,custo_ic,custo_p5,custo_p50,custo_p95,spill_prob,spill_cond_med,fila_pico_med,service_level,entram_dia,proc_dia,ocio_dia,spill_dia
SDDP,1000,5.1900867907999896e7,456186.05881762714,4.044222799999439e7,5.133389850000007e7,6.4150089400004946e7,0.986,510.17545638945234,1702.329,1.0,2449.8967666666663,2474.976566666663,5.168833333337899,16.767766666666667
P_-10,1000,3.680719236901067e8,3.6961827112732293e-9,3.6807192369010675e8,3.6807192369010675e8,3.6807192369010675e8,1.0,661.7223034482789,1702.3289999999984,1.0,2180.2669599999986,2220.2669600000013,259.87843999999694,22.05741011494263
P_-5,1000,2.2615790714918306e8,5.5442740669098435e-9,2.2615790714918298e8,2.2615790714918298e8,2.2615790714918298e8,1.0,845.7796275862152,1702.3289999999984,1.0,2295.8373466666153,2335.837346666674,144.30805333333075,28.19265425287384
P_0,1000,1.1221153486092941e8,8.316411100364765e-9,1.1221153486092928e8,1.1221153486092928e8,1.1221153486092928e8,1.0,1604.1947241379805,1702.3289999999984,1.0,2411.4077333333385,2451.407733333338,28.737666666663497,53.47315747126602
P_+5,1000,6.3050698661203e8,4.435419253527875e-8,6.305069866120293e8,6.305069866120293e8,6.305069866120293e8,1.0,27999.944000001535,2604.9816000001038,0.9876025169934352,2526.9781199999884,2480.145400000003,0.0,933.3314666667178
P_+10,1000,1.6138491786040332e9,5.913892338037167e-8,1.6138491786040323e9,1.6138491786040323e9,1.6138491786040323e9,1.0,80006.61800000168,6072.093200000115,0.9427114934937343,2642.5485066667075,2480.145400000003,0.0,2666.8872666667226
