politica,n,custo_medio,custo_ic,custo_p5,custo_p50,custo_p95,spill_prob,spill_cond_med,fila_pico_med,service_level,entram_dia,proc_dia,ocio_dia,spill_dia
SDDP,1000,5.20305541319998e7,458746.65305299603,4.011946224999472e7,5.180732899999961e7,6.474904945000246e7,0.989,530.3437815975733,1724.024,1.0,2449.982333333333,2475.363999999997,5.0174666666709244,17.483666666666668
P_-10,1000,3.684475793881908e8,3.326564440145906e-8,3.6844757938819027e8,3.6844757938819027e8,3.6844757938819027e8,1.0,708.6842620689617,1724.0240000000015,1.0,2180.994819999984,2220.994819999998,259.3866466666702,23.62280873563206
P_-5,1000,2.269698579627557e8,1.8480913556366147e-9,2.2696985796275574e8,2.2696985796275574e8,2.2696985796275574e8,1.0,911.6249965517123,1724.0240000000015,1.0,2296.605643333301,2336.6056433333288,143.77582333333672,30.38749988505708
P_0,1000,1.1364518519362259e8,2.7721370334549218e-9,1.1364518519362263e8,1.1364518519362263e8,1.1364518519362263e8,1.0,1698.5960344826995,1724.0240000000015,1.0,2412.2164666667036,2452.2164666666645,28.165000000003772,56.61986781608998
P_+5,1000,6.387987594739661e8,0.0,6.387987594739661e8,6.387987594739661e8,6.387987594739661e8,1.0,28437.6804999982,2623.3746999998816,0.9876521872910228,2527.827290000018,2480.381466666669,0.0,947.9226833332734
P_+10,1000,1.6224850108879688e9,7.392365422546459e-8,1.6224850108879676e9,1.6224850108879676e9,1.6224850108879676e9,1.0,80462.55099999822,6091.699399999885,0.9427589060505209,2643.438113333296,2480.381466666669,0.0,2682.0850333332737
