politica,n,custo_medio,custo_ic,custo_p5,custo_p50,custo_p95,spill_prob,spill_cond_med,fila_pico_med,service_level,entram_dia,proc_dia,ocio_dia,spill_dia
SDDP,1000,5.21014025919995e7,458807.2242059204,4.046198560000058e7,5.153779499999807e7,6.461908250002212e7,0.984,531.8455284552846,1722.453,1.0,2448.2237999999993,2473.2529666666637,4.962566666671092,17.444533333333332
P_-10,1000,3.6852213461045474e8,3.6961827112732293e-9,3.685221346104547e8,3.685221346104547e8,3.685221346104547e8,1.0,727.6532517241376,1722.4529999999982,1.0,2179.3650100000173,2219.3650100000036,258.85052333333306,24.255108390804587
P_-5,1000,2.2810620535839278e8,1.8480913556366147e-9,2.2810620535839275e8,2.2810620535839275e8,2.2810620535839275e8,1.0,964.9229637931055,1722.4529999999982,1.0,2294.8852883333807,2334.8852883333343,143.33024499999976,32.16409879310352
P_0,1000,1.18713109236517e8,8.316411100364765e-9,1.1871310923651713e8,1.1871310923651713e8,1.1871310923651713e8,1.0,1869.1102068965572,1722.4529999999982,1.0,2410.405566666699,2450.405566666665,27.809966666666398,62.303673563218574
P_+5,1000,6.601417697270027e8,2.9569461690185834e-8,6.601417697270023e8,6.601417697270023e8,6.601417697270023e8,1.0,29561.52025000011,2631.3093500000086,0.9875118970643307,2525.9258449999793,2478.2155333333344,0.0,985.384008333337
P_+10,1000,1.6430576099540064e9,8.87083850705575e-8,1.643057609954005e9,1.643057609954005e9,1.643057609954005e9,1.0,81545.6455000003,6096.917700000011,0.9426249926523136,2641.446123333289,2478.2155333333344,0.0,2718.1881833333437
