politica,n,custo_medio,custo_ic,custo_p5,custo_p50,custo_p95,spill_prob,spill_cond_med,fila_pico_med,service_level,entram_dia,proc_dia,ocio_dia,spill_dia
SDDP,1000,5.2071541420999564e7,437238.1795967435,4.1073276699994974e7,5.1734355499997154e7,6.3781497800006725e7,0.988,524.25,1717.548,1.0,2448.7512999999994,2473.971933333329,5.045966666671785,17.2653
P_-10,1000,3.687530017781449e8,0.0,3.687530017781449e8,3.687530017781449e8,3.687530017781449e8,1.0,714.3181482758611,1717.5479999999986,1.0,2179.692610000025,2219.692609999998,259.32529000000017,23.810604942528702
P_-5,1000,2.2785026075980708e8,9.240456778183074e-9,2.2785026075980693e8,2.2785026075980693e8,2.2785026075980693e8,1.0,936.8961362068951,1717.5479999999986,1.0,2295.231088333329,2335.2310883333294,143.78681166666678,31.229871206896505
P_0,1000,1.1714016858248259e8,2.7721370334549218e-9,1.1714016858248264e8,1.1714016858248264e8,1.1714016858248264e8,1.0,1801.9521379310304,1717.5479999999986,1.0,2410.769566666629,2450.7695666666646,28.2483333333333,60.06507126436768
P_+5,1000,6.522989250169988e8,5.17465579578252e-8,6.522989250169996e8,6.522989250169996e8,6.522989250169996e8,1.0,29147.835250000007,2618.7043500000013,0.9876196490952998,2526.308045000013,2479.0179000000016,0.0,971.5945083333336
P_+10,1000,1.6353696217640018e9,8.87083850705575e-8,1.6353696217640004e9,1.6353696217640004e9,1.6353696217640004e9,1.0,81140.15050000008,6084.858699999997,0.9427278468636949,2641.8465233333022,2479.0179000000016,0.0,2704.6716833333357
