politica,n,custo_medio,custo_ic,custo_p5,custo_p50,custo_p95,spill_prob,spill_cond_med,fila_pico_med,service_level,entram_dia,proc_dia,ocio_dia,spill_dia
SDDP,1000,5.241259064399965e7,443086.5584766914,4.094242239999405e7,5.2222045499997325e7,6.467621344999846e7,0.988,529.4230769230769,1722.476,1.0,2446.932566666666,2472.2964999999963,5.131266666671397,17.43566666666667
P_-10,1000,3.68962588151652e8,2.9569461690185834e-8,3.689625881516515e8,3.689625881516515e8,3.689625881516515e8,1.0,723.0137827586176,1722.4759999999985,1.0,2178.203589999973,2218.20359,259.22417666666877,24.10045942528725
P_-5,1000,2.2878276292947203e8,7.392365422546459e-9,2.2878276292947215e8,2.2878276292947215e8,2.2878276292947215e8,1.0,959.7973120689569,1722.4759999999985,1.0,2293.65934499999,2333.6593450000005,143.76842166666947,31.993243735631896
P_0,1000,1.198309045788288e8,0.0,1.198309045788288e8,1.198309045788288e8,1.198309045788288e8,1.0,1896.4819310344187,1722.4759999999985,1.0,2409.115100000022,2449.115099999994,28.312666666669564,63.216064367813956
P_+5,1000,6.590832395649726e8,6.653128880291812e-8,6.590832395649737e8,6.590832395649737e8,6.590832395649737e8,1.0,29504.561749998647,2614.292649999903,0.9877391821297532,2524.570855000063,2477.4277666666685,0.0,983.4853916666216
P_+10,1000,1.6414500765579777e9,7.392365422546459e-8,1.6414500765579765e9,1.6414500765579765e9,1.6414500765579765e9,1.0,81459.65149999878,6077.965299999924,0.9428419465783998,2640.0266099999744,2477.4277666666685,0.0,2715.3217166666263
