politica,n,custo_medio,custo_ic,custo_p5,custo_p50,custo_p95,spill_prob,spill_cond_med,fila_pico_med,service_level,entram_dia,proc_dia,ocio_dia,spill_dia
SDDP,1000,5.209123560199943e7,427192.31527178973,4.103974049999196e7,5.1724961499993294e7,6.371719125000509e7,0.983,528.4486266531028,1718.803,1.0,2447.6448999999993,2472.5721999999955,4.96246666667208,17.3155
P_-10,1000,3.679118519230044e8,0.0,3.679118519230044e8,3.679118519230044e8,3.679118519230044e8,1.0,707.337999999996,1718.8030000000006,1.0,2178.7344999999436,2218.7344999999923,258.8001666666703,23.5779333333332
P_-5,1000,2.2710866858300415e8,1.4784730845092917e-8,2.271086685830044e8,2.271086685830044e8,2.271086685830044e8,1.0,931.7504999999875,1718.8030000000006,1.0,2294.219750000027,2334.2197499999943,143.3149166666706,31.05834999999958
P_0,1000,1.1653766708100219e8,9.240456778183074e-9,1.1653766708100204e8,1.1653766708100204e8,1.1653766708100204e8,1.0,1786.4209999999389,1718.8030000000006,1.0,2409.7049999999795,2449.7049999999963,27.829666666670747,59.54736666666463
P_+5,1000,6.54856542581963e8,4.435419253527875e-8,6.548565425819637e8,6.548565425819637e8,6.548565425819637e8,1.0,29283.244499998105,2629.6674999998686,0.9874805079725191,2525.190250000027,2477.5346666666687,0.0,976.1081499999368
P_+10,1000,1.6374743407319643e9,1.4784730845092917e-8,1.6374743407319646e9,1.6374743407319646e9,1.6374743407319646e9,1.0,81251.60699999804,6094.224999999875,0.942595030337406,2640.6755000000167,2477.5346666666687,0.0,2708.3868999999345
