politica,n,custo_medio,custo_ic,custo_p5,custo_p50,custo_p95,spill_prob,spill_cond_med,fila_pico_med,service_level,entram_dia,proc_dia,ocio_dia,spill_dia
SDDP,1000,5.1815073331999406e7,438030.86967795144,4.1196959799992956e7,5.1201213499992564e7,6.4184563000001e7,0.988,524.0414979757085,1717.489,1.0,2447.712466666666,2472.7989666666626,4.782600000004852,17.258433333333336
P_-10,1000,3.6813620712168545e8,7.392365422546459e-9,3.6813620712168556e8,3.6813620712168556e8,3.6813620712168556e8,1.0,710.888127586205,1717.4890000000014,1.0,2178.7558900000517,2218.7558899999954,258.8256766666692,23.696270919540165
P_-5,1000,2.2773206385809273e8,2.2177096267639374e-8,2.2773206385809237e8,2.2773206385809237e8,2.2773206385809237e8,1.0,949.806570689647,1717.4890000000014,1.0,2294.242328333354,2334.2423283333283,143.33923833333554,31.660219022988233
P_0,1000,1.1800952535627678e8,5.5442740669098435e-9,1.1800952535627687e8,1.1800952535627687e8,1.1800952535627687e8,1.0,1838.375310344778,1717.4890000000014,1.0,2409.728766666662,2449.728766666665,27.85280000000243,61.2791770114926
P_+5,1000,6.612577530699773e8,5.913892338037167e-8,6.612577530699782e8,6.612577530699782e8,6.612577530699782e8,1.0,29620.084249998898,2629.009149999921,0.9874716252242884,2525.2152050000127,2477.5815666666676,0.0,987.3361416666299
P_+10,1000,1.6438856622729795e9,1.4784730845092917e-8,1.6438856622729793e9,1.6438856622729793e9,1.6438856622729793e9,1.0,81588.98149999887,6093.6022999999195,0.9425865513504565,2640.701643333335,2477.5815666666676,0.0,2719.632716666629
